OBJECTID,GEOID,PLNG_REGIO,PlanningRegion,LogRecNo,SumLevel,NAME,TotalHH_e,TotalHH_m,HHIncLt10k_e,HHIncLt10k_m,pHHIncLt10k_e,pHHIncLt10k_m,HHInc10_15k_e,HHInc10_15k_m,pHHInc10_15k_e,pHHInc10_15k_m,HHInc15_25k_e,HHInc15_25k_m,pHHInc15_25k_e,pHHInc15_25k_m,HHInc25_35k_e,HHInc25_35k_m,pHHInc25_35k_e,pHHInc25_35k_m,HHInc35_50k_e,HHInc35_50k_m,pHHInc35_50k_e,pHHInc35_50k_m,HHInc50_75k_e,HHInc50_75k_m,pHHInc50_75k_e,pHHInc50_75k_m,HHInc75_100k_e,HHInc75_100k_m,pHHInc75_100k_e,pHHInc75_100k_m,HHInc100_150k_e,HHInc100_150k_m,pHHInc100_150k_e,pHHInc100_150k_m,HHInc150_200k_e,HHInc150_200k_m,pHHInc150_200k_e,pHHInc150_200k_m,HHInc200kP_e,HHInc200kP_m,pHHInc200kP_e,pHHInc200kP_m,HHIncLt35k_e,HHIncLt35k_m,pHHIncLt35k_e,pHHIncLt35k_m,HHInc35_75k_e,HHInc35_75k_m,pHHInc35_75k_e,pHHInc35_75k_m,HHInc75_200k_e,HHInc75_200k_m,pHHInc75_200k_e,pHHInc75_200k_m,tAggregateHHInc_e,tAggregateHHInc_m,aMeanHHIncome_e,aMeanHHIncome_m,HHwEarnings_e,HHwEarnings_m,pHHwEarnings_e,pHHwEarnings_m,aHHMeanEarnings_e,aHHMeanEarnings_m,HHSocSec_e,HHSocSec_m,pHHSocSec_e,pHHSocSec_m,aMeanSocSec_e,aMeanSocSec_m,HHRetirement_e,HHRetirement_m,pHHRetirement_e,pHHRetirement_m,aMeanRetirement_e,aMeanRetirement_m,HHSSI_e,HHSSI_m,pHHSSI_e,pHHSSI_m,aMeanSSI_e,aMeanSSI_m,HHPubAsst_e,HHPubAsst_m,pHHPubAsst_e,pHHPubAsst_m,aMeanPubAsst_e,aMeanPubAsst_m,HHFs_e,HHFs_m,pHHFs_e,pHHFs_m,TotPop_e,TotPop_m,rPerCapitaInc_e,rPerCapitaInc_m,created_user,created_date,last_edited_user,last_edited_date,mMedHHInc_e,mMedHHInc_m,SHAPE_Length,SHAPE_Area
1,A01,Yes,Atlanta Regional Commission,3046,NSA,NSA A01,1620,171,53,34,3.3,2.1,29,36,1.8,2.2,63,57,3.9,3.5,67,56,4.1,3.5,89,56,5.5,3.4,82,52,5.1,3.2,89,43,5.5,2.6,289,91,17.8,5.3,152,71,9.4,4.3,707,135,43.6,7,212,95,13.1,5.7,171,76,10.6,4.6,529,124,32.7,6.8,463463984,82925246,286171,41344,1343,159,82.9,4.5,290601,45379,376,94,23.2,5.2,23869,2320,210,82,13,4.9,42824,18575,16,27,1,1.7,0,0,20,36,1.2,2.2,0,0,47,48,2.9,3,4361,547,107529.6,13642.1,,,,,166094,25626,0.153232967193957,0.00106999883907715
2,A02,Yes,Atlanta Regional Commission,3047,NSA,NSA A02,1769,148,30,29,1.7,1.6,18,39,1,2.2,31,35,1.8,2,37,60,2.1,3.4,100,73,5.7,4.1,166,72,9.4,4,107,51,6.1,2.8,264,94,14.9,5.2,204,81,11.5,4.5,811,133,45.8,6.4,116,84,6.6,4.7,266,103,15.1,5.7,575,135,32.5,7.1,503216310,76715851,284479,36202,1400,149,79.2,5.2,273800,36239,467,90,26.4,4.6,30218,3235,303,104,17.1,5.7,51676,21833,30,30,1.7,1.7,0,0,16,39,0.9,2.2,0,0,32,43,1.8,2.4,4781,511,106329.3,11371.2,,,,,182007,19219,0.151596115935178,0.00108018486418142
3,A03,Yes,Atlanta Regional Commission,3048,NSA,NSA A03,1174,158,21,35,1.8,2.9,7,25,0.6,2.1,16,37,1.4,3.1,23,39,1.9,3.3,42,52,3.5,4.4,94,55,8,4.6,71,48,6,4,188,87,16,7.1,80,53,6.8,4.5,632,148,53.8,10.3,68,69,5.8,5.8,136,76,11.6,6.2,339,113,28.8,8.8,443275806,103969967,377469,72555,1046,166,89.1,7.5,354241,73670,265,78,22.6,5.9,23403,2664,118,58,10.1,4.7,21922,8812,6,22,0.5,1.9,0,0,3,26,0.2,2.3,0,0,15,34,1.3,2.9,3453,605,130501.1,20182,,,,,,,0.160630789959718,0.000714798484530992
4,B01,Yes,Atlanta Regional Commission,3049,NSA,NSA B01,2401,284,133,97,5.6,4,107,52,4.5,2.1,123,98,5.1,4.1,134,100,5.6,4.1,271,125,11.3,5,310,123,12.9,4.9,365,172,15.2,6.9,303,113,12.6,4.5,81,44,3.4,1.8,573,122,23.9,4.2,497,178,20.7,7,581,175,24.2,6.7,750,210,31.2,7.9,444468592,90543365,185143,30699,1802,259,75.1,6.1,177557,31683,688,164,28.7,5.9,20309,6824,338,138,14.1,5.5,60828,35012,91,69,3.8,2.8,4219,3432,13,31,0.5,1.3,0,0,112,103,4.7,4.3,4697,588,96141.8,14913.1,,,,,83361,6655,0.069256029963811,0.000229960569156154
5,B02,Yes,Atlanta Regional Commission,3050,NSA,NSA B02,1718,180,44,39,2.6,2.3,20,22,1.2,1.3,55,64,3.2,3.7,51,47,3,2.7,182,83,10.6,4.7,294,98,17.1,5.4,151,69,8.8,3.9,440,127,25.6,6.9,177,72,10.3,4,304,108,17.7,6,170,92,9.9,5.2,476,128,27.7,6.9,768,162,44.7,8.2,216046400,31951010,125755,13128,1560,168,90.8,2.3,118463,9851,174,83,10.1,4.7,17301,11280,164,87,9.5,5,18070,4881,14,24,0.8,1.4,0,0,0,23,0,1.3,,,45,60,2.6,3.5,3406,379,65919.9,5901.1,,,,,105032,7530,0.0612772846773628,0.000174724079003571
6,B03,Yes,Atlanta Regional Commission,3051,NSA,NSA B03,1127,137,21,31,1.8,2.7,63,73,5.6,6.5,25,33,2.2,2.9,60,45,5.3,3.9,206,120,18.3,10.4,157,90,13.9,7.8,180,99,16,8.6,183,98,16.3,8.5,81,59,7.1,5.2,151,77,13.4,6.7,169,97,15,8.4,363,149,32.2,12.7,444,151,39.4,12.6,136351819,39431948,121019,31758,1038,139,92.1,5.2,120870,33178,176,92,15.6,7.9,18835,13306,66,52,5.9,4.5,28023,21750,21,29,1.9,2.5,0,0,0,15,0,1.4,0,0,0,10,0,0.9,1877,356,73615.1,15786.6,,,,,79351,10872,0.0561494774408667,0.000138070385415933
7,B04,Yes,Atlanta Regional Commission,3052,NSA,NSA B04,4360,343,195,110,4.5,2.5,50,49,1.1,1.1,117,75,2.7,1.7,236,117,5.4,2.6,285,132,6.5,3,592,184,13.6,4.1,489,166,11.2,3.7,620,194,14.2,4.3,411,128,9.4,2.8,1364,250,31.3,5.2,599,184,13.7,4.1,877,226,20.1,4.9,1520,285,34.9,5.9,831049055,122580696,190613,23769,3697,340,84.8,4,196710,26447,784,170,18,3.6,24414,5714,434,140,10,3.1,30783,8669,31,45,0.7,1,10878,3073,4,37,0.1,0.9,0,0,55,54,1.3,1.2,9242,932,92320.8,9590,,,,,112788,7804,0.109803619599696,0.000673129126481732
8,B05,Yes,Atlanta Regional Commission,3053,NSA,NSA B05,1164,141,26,30,2.2,2.5,8,18,0.7,1.6,26,31,2.2,2.7,81,69,7,5.9,63,63,5.5,5.4,90,65,7.7,5.5,112,81,9.6,6.8,192,100,16.5,8.3,125,81,10.8,6.8,439,105,37.7,7.7,142,84,12.2,7,154,90,13.2,7.6,430,152,36.9,12.2,272527456,59695114,234059,42703,945,142,81.2,7.2,253135,48014,281,90,24.1,7.2,23563,4112,154,80,13.2,6.6,40994,21395,26,32,2.2,2.8,6377,10834,0,13,0,1.1,,,0,10,0,0.9,2577,418,107448.4,15324.8,,,,,144816,22641,0.0744714821955958,0.000250835478602416
9,B06,Yes,Atlanta Regional Commission,3054,NSA,NSA B06,2149,234,108,82,5,3.8,14,27,0.7,1.3,121,77,5.6,3.5,204,116,9.5,5.3,153,93,7.1,4.3,313,114,14.6,5,258,136,12,6.2,520,160,24.2,7,127,82,5.9,3.8,331,116,15.4,5.2,447,164,20.8,7.3,466,147,21.7,6.4,905,225,42.1,9.4,268395400,55225872,124893,21819,1403,211,65.3,6.8,129185,20428,825,171,38.4,6.8,22300,3658,385,127,17.9,5.6,39049,19555,49,60,2.3,2.8,0,0,17,30,0.8,1.4,0,0,20,28,1,1.3,3348,417,81106.7,13071.6,,,,,90649,8914,0.0543113919674377,0.000120907859102939
10,B07,Yes,Atlanta Regional Commission,3055,NSA,NSA B07,1619,203,94,68,5.8,4.2,80,53,4.9,3.2,78,71,4.8,4.4,99,66,6.1,4,76,55,4.7,3.3,262,109,16.2,6.4,153,91,9.5,5.5,292,138,18,8.2,109,70,6.7,4.2,375,133,23.2,7.7,351,130,21.7,7.6,338,122,20.9,7.1,554,180,34.2,10.2,206626626,39916563,127651,18767,1371,202,84.7,6.6,140822,18696,243,91,15,5.3,17763,5410,87,57,5.4,3.5,8951,4150,20,36,1.2,2.2,68,2343,0,18,0,1.1,,,32,35,2,2.2,2899,422,74922.1,9779.3,,,,,94560,14675,0.0693902019468844,0.000176039576853012
11,B08,Yes,Atlanta Regional Commission,3056,NSA,NSA B08,4640,372,211,113,4.6,2.4,41,44,0.9,0.9,375,167,8.1,3.5,492,210,10.6,4.5,586,206,12.6,4.3,1178,285,25.4,5.8,496,155,10.7,3.2,630,180,13.6,3.7,185,108,4,2.3,445,146,9.6,3,1120,295,24.1,6,1764,351,38,6.9,1311,262,28.2,5.2,468338143,89537205,100926,17522,3799,353,81.9,3.9,108854,21503,874,230,18.8,4.7,16645,1394,509,170,11,3.6,36057,8441,70,87,1.5,1.9,0,0,14,34,0.3,0.7,0,0,120,79,2.6,1.7,8650,792,56275.1,9084,,,,,61962,3017,0.0803402549912691,0.000279859661083588
12,B09,Yes,Atlanta Regional Commission,3057,NSA,NSA B09,2107,257,134,110,6.4,5.1,51,67,2.4,3.2,77,76,3.7,3.6,212,123,10.1,5.7,185,120,8.8,5.6,310,127,14.7,5.7,237,134,11.2,6.2,203,93,9.7,4.3,136,85,6.4,3.9,562,167,26.7,7.2,474,193,22.5,8.8,495,174,23.5,7.8,576,184,27.3,8.1,335003964,78473166,159020,31812,1806,251,85.7,5.8,170551,35307,351,96,16.7,4.1,17588,2678,152,80,7.2,3.7,15452,8848,22,39,1,1.9,0,0,18,36,0.9,1.7,0,0,59,60,2.8,2.8,3995,532,85850.4,16258.1,,,,,83915,9602,0.0632299250433813,0.000189718982401024
13,B10,Yes,Atlanta Regional Commission,3058,NSA,NSA B10,2002,215,136,108,6.8,5.4,17,32,0.9,1.6,95,68,4.7,3.4,178,115,8.9,5.7,78,66,3.9,3.3,328,148,16.4,7.2,167,91,8.3,4.5,266,97,13.3,4.7,280,104,14,4.9,457,141,22.8,6.6,426,175,21.3,8.4,406,162,20.3,7.8,713,169,35.6,7.5,263172923,42456825,131434,15832,1629,208,81.3,5.7,137564,18508,377,130,18.8,6.2,16452,7995,276,138,13.8,6.7,31046,8487,0,23,0,1.2,,,3,26,0.1,1.3,0,0,91,98,4.5,4.9,4029,503,67880.6,7417.1,,,,,100300,13594,0.059762400972294,0.000180467606342723
14,B11,Yes,Atlanta Regional Commission,3059,NSA,NSA B11,2993,235,301,134,10.1,4.4,146,90,4.9,3,166,97,5.5,3.2,293,128,9.8,4.2,350,130,11.7,4.2,673,167,22.5,5.3,284,94,9.5,3.1,520,128,17.4,4,170,74,5.7,2.4,90,51,3,1.7,906,228,30.3,7.2,1023,212,34.2,6.5,974,175,32.6,5.3,215078718,21925275,71863,4659,2567,214,85.8,2.3,79357,5099,331,157,11.1,5.2,10253,4071,102,91,3.4,3,0,0,115,100,3.8,3.3,12006,7855,10,26,0.3,0.9,0,0,84,63,2.8,2.1,5614,625,42866,6640,,,,,59240,4082,0.0550746568813865,0.000148118787725689
15,C01,Yes,Atlanta Regional Commission,3060,NSA,NSA C01,1256,157,36,36,2.9,2.9,21,29,1.7,2.3,52,46,4.2,3.6,86,61,6.9,4.8,151,92,12,7.1,127,72,10.1,5.6,97,63,7.7,4.9,272,114,21.6,8.6,146,68,11.6,5.2,267,87,21.2,6.4,196,89,15.6,6.9,279,116,22.2,8.8,514,146,40.9,10.5,185481450,36240056,147622,22186,1119,160,89,6.2,148422,22962,195,81,15.5,6.2,19890,4744,125,68,9.9,5.2,29998,16298,2,15,0.2,1.2,0,0,6,19,0.5,1.5,0,0,38,35,3.1,2.8,2668,381,72118.4,9950.3,,,,,107105,9797,0.121268284223163,0.000277605856744428
16,C02,Yes,Atlanta Regional Commission,3061,NSA,NSA C02,1535,166,74,50,4.8,3.2,54,71,3.5,4.6,103,72,6.7,4.6,86,77,5.6,5,232,113,15.1,7.2,292,119,19,7.5,181,69,11.8,4.3,256,101,16.7,6.3,185,93,12,5.9,73,46,4.7,3,318,137,20.7,8.6,523,164,34.1,10.1,622,153,40.5,9,142348752,25160003,92714,12945,1234,184,80.4,8.2,95937,13352,410,117,26.7,7.1,19100,3904,222,104,14.5,6.6,28091,11043,14,27,0.9,1.7,0,0,21,28,1.4,1.8,0,0,27,32,1.8,2.1,2805,377,54107.4,6659.1,,,,,67631,7910,0.0450485476549709,8.80697656249553e-05
17,C03,Yes,Atlanta Regional Commission,3062,NSA,NSA C03,1547,157,74,55,4.8,3.5,79,53,5.1,3.4,157,93,10.1,5.9,50,44,3.2,2.8,93,54,6,3.5,181,99,11.7,6.3,179,98,11.6,6.2,136,66,8.8,4.2,94,66,6.1,4.2,504,110,32.6,6.3,360,128,23.3,7.9,275,113,17.8,7.1,409,136,26.4,8.4,308420889,62835644,199354,35253,931,147,60.2,7.3,259809,40547,610,116,39.4,6.3,18117,1636,312,114,20.1,7.1,33489,12139,49,37,3.2,2.4,5065,2433,20,29,1.3,1.8,0,0,38,34,2.5,2.2,3532,429,88286.5,14438.8,,,,,94454,15175,0.0962487386476756,0.000392460230667704
18,C04,Yes,Atlanta Regional Commission,3063,NSA,NSA C04,1030,138,43,49,4.1,4.7,9,21,0.9,2,15,35,1.5,3.4,48,46,4.6,4.4,67,53,6.5,5.1,98,72,9.5,6.9,56,40,5.5,3.8,115,68,11.2,6.4,96,44,9.4,4.1,482,98,46.8,7.1,115,78,11.1,7.5,166,90,16.1,8.4,268,91,26,8.1,317034408,66410072,307847,49451,806,135,78.2,7.9,273318,52865,397,85,38.6,6.5,29844,2443,163,62,15.8,5.6,46354,21305,3,21,0.3,2,0,0,0,20,0,2,,,0,10,0,1,2443,409,130194.3,16378.5,,,,,182724,25111,0.0913030591735344,0.000361337594161327
19,C05,Yes,Atlanta Regional Commission,3064,NSA,NSA C05,1556,179,75,49,4.8,3.1,77,68,4.9,4.3,67,64,4.3,4.1,69,53,4.4,3.3,99,69,6.3,4.4,443,160,28.5,9.8,296,112,19,6.9,245,105,15.8,6.5,47,39,3,2.5,138,82,8.9,5.2,288,117,18.5,7.2,542,174,34.8,10.5,588,159,37.8,9.2,146577212,25765070,94217,12525,1373,183,88.2,5.9,96307,13192,219,80,14,4.8,17248,4914,118,69,7.6,4.3,30748,9474,48,47,3.1,3,7585,2130,20,30,1.3,2,0,0,56,39,3.6,2.5,2621,394,57593.6,5433.4,,,,,72524,4241,0.0664441795286323,0.000178626043134639
20,C06,Yes,Atlanta Regional Commission,3065,NSA,NSA C06,1721,137,28,37,1.6,2.1,19,23,1.1,1.3,59,56,3.4,3.3,54,42,3.2,2.4,134,84,7.8,4.8,309,119,17.9,6.8,198,82,11.5,4.7,268,104,15.6,5.9,148,58,8.6,3.3,502,96,29.2,5.1,160,82,9.3,4.7,443,145,25.8,8.2,615,145,35.7,7.9,317912736,44297818,184739,21115,1593,145,92.6,4,179572,19487,170,60,9.9,3.4,23311,3822,106,46,6.2,2.6,37489,11861,34,30,2,1.7,5862,2005,0,21,0,1.2,,,9,15,0.5,0.9,4453,404,72854.1,7373.9,,,,,107444,10425,0.0711910924795221,0.000221094650782044
21,D01,Yes,Atlanta Regional Commission,3066,NSA,NSA D01,2035,250,57,52,2.8,2.5,32,35,1.6,1.7,167,89,8.2,4.3,115,76,5.7,3.7,218,111,10.7,5.3,397,177,19.5,8.4,261,131,12.8,6.2,367,132,18.1,6.1,231,86,11.3,4,189,107,9.3,5.1,372,133,18.3,6.1,615,209,30.2,9.6,859,205,42.2,8.6,199979156,33520204,98288,11214,1764,238,86.7,4.9,106662,12364,237,131,11.6,6.3,13774,4791,192,127,9.4,6.1,20823,19452,32,38,1.6,1.8,0,0,12,22,0.6,1.1,0,0,151,77,7.4,3.7,4752,646,43828.6,4486.8,,,,,77896,7898,0.179173634490579,0.000598697577028841
22,D02,Yes,Atlanta Regional Commission,3067,NSA,NSA D02,1563,217,112,83,7.1,5.2,56,72,3.6,4.6,120,100,7.7,6.3,58,70,3.7,4.4,241,127,15.4,7.8,357,157,22.8,9.5,170,103,10.9,6.4,273,118,17.4,7.1,109,63,7,3.9,67,48,4.3,3,347,164,22.2,10,598,202,38.3,11.8,551,169,35.3,9.6,120464211,21331374,77052,8472,1423,228,91,7.3,79791,7490,168,104,10.7,6.5,13702,3264,122,90,7.8,5.7,14087,4725,10,25,0.6,1.6,0,0,0,15,0,1,0,0,24,31,1.5,2,2722,504,46142.1,11990.8,,,,,60290,5654,0.0974975487438959,0.000275215565808172
23,D03,Yes,Atlanta Regional Commission,3068,NSA,NSA D03,2004,259,140,91,7,4.4,64,67,3.2,3.3,131,97,6.5,4.8,80,77,4,3.8,279,142,13.9,6.8,439,192,21.9,9.1,251,131,12.5,6.4,348,138,17.4,6.5,132,69,6.6,3.3,139,90,6.9,4.4,415,168,20.7,7.9,719,238,35.9,11,731,203,36.5,8.9,169865366,30627857,84779,10666,1783,264,89,6.5,89480,10916,195,115,9.8,5.6,15063,4608,151,106,7.5,5.2,17403,6340,22,36,1.1,1.8,0,0,0,17,0,0.9,,,51,48,2.6,2.4,4017,624,44020.4,4202.9,,,,,64711,6397,0.196673852205117,0.000777518929126307
24,E01,Yes,Atlanta Regional Commission,3069,NSA,NSA E01,1879,237,65,56,3.5,2.9,37,37,2,2,84,63,4.5,3.3,71,55,3.8,2.9,172,120,9.1,6.3,260,120,13.8,6.2,242,112,12.9,5.8,348,141,18.5,7.2,113,58,6,3,488,126,26,5.9,256,107,13.6,5.4,432,170,23,8.6,703,190,37.4,8.9,310495156,58611569,165262,23206,1607,243,85.5,7.2,160716,23161,340,78,18.1,3.5,20887,3415,209,85,11.1,4.3,38717,18425,30,46,1.6,2.4,0,0,0,25,0,1.3,,,39,36,2.1,1.9,4173,654,75414.4,7912.4,,,,,100969,9109,0.0621154789467247,0.00023110811509503
25,E02,Yes,Atlanta Regional Commission,3070,NSA,NSA E02,913,86,248,72,27.2,7.5,38,32,4.2,3.5,59,41,6.4,4.4,70,49,7.7,5.3,128,69,14,7.4,182,77,19.9,8.2,60,40,6.5,4.3,69,54,7.5,5.8,37,44,4.1,4.8,23,33,2.5,3.7,415,101,45.5,10.2,309,103,33.9,10.8,165,80,18.1,8.6,45927812,11635412,50305,11827,709,94,77.7,7.2,61859,13676,9,27,1,3,25744,97284,2,20,0.2,2.2,0,0,1,8,0.1,0.9,0,0,0,20,0,2.1,,,4,24,0.5,2.6,8117,591,8028.2,1545.2,,,,,40021,6932,0.0617719788938281,0.000183582607405453
26,E03,Yes,Atlanta Regional Commission,3071,NSA,NSA E03,1917,281,71,55,3.7,2.8,42,60,2.2,3.1,79,70,4.1,3.6,63,51,3.3,2.6,207,142,10.8,7.2,385,169,20.1,8.3,330,124,17.2,5.9,243,112,12.7,5.5,211,106,11,5.3,285,140,14.9,7,255,119,13.3,5.9,593,220,30.9,10.6,784,198,40.9,8.4,236980478,64620420,123612,28413,1865,281,97.3,3.3,119556,27382,112,63,5.8,3.2,23269,11449,63,51,3.3,2.6,0,0,12,23,0.7,1.2,0,0,2,20,0.1,1,0,0,74,46,3.8,2.3,3212,520,75217.7,15337.7,,,,,83398,6587,0.048121273043025,8.90764158393375e-05
27,E04,Yes,Atlanta Regional Commission,3072,NSA,NSA E04,2066,240,171,93,8.3,4.4,127,73,6.1,3.4,121,81,5.8,3.9,152,85,7.4,4,379,185,18.4,8.7,406,160,19.6,7.4,187,105,9.1,5,239,124,11.6,5.8,138,86,6.7,4.1,147,97,7.1,4.6,570,167,27.6,7.4,785,244,38,11,564,184,27.3,8.3,159150592,30444298,77026,11714,1901,242,92,4.8,79743,11784,90,56,4.4,2.7,18536,5378,47,40,2.3,1.9,0,0,4,22,0.2,1.1,0,0,4,22,0.2,1.1,0,0,43,42,2.1,2,4429,639,38533.2,4717.3,,,,,55098,5466,0.0603839000316143,0.000173951501915143
28,E05,Yes,Atlanta Regional Commission,3073,NSA,NSA E05,1755,239,189,86,10.8,4.7,71,71,4,4,134,130,7.6,7.3,275,125,15.7,6.8,131,110,7.5,6.2,209,133,11.9,7.4,68,48,3.9,2.7,271,138,15.4,7.5,62,51,3.5,2.9,345,108,19.7,5.5,669,212,38.1,10.9,340,172,19.4,9.4,401,154,22.8,8.2,249598004,60408724,142221,28480,1516,233,86.4,6.2,145175,27684,183,94,10.4,5.2,17266,3711,26,32,1.5,1.8,0,0,17,33,1,1.9,0,0,13,28,0.7,1.6,0,0,130,104,7.4,5.8,3160,469,80304.2,15317.7,,,,,56858,9600,0.0685383462446023,0.000173001531152529
29,E06,Yes,Atlanta Regional Commission,3074,NSA,NSA E06,1732,171,204,105,11.8,5.9,88,54,5.1,3.1,136,69,7.9,3.9,138,83,8,4.7,251,137,14.5,7.8,327,125,18.9,7,186,82,10.8,4.6,196,109,11.3,6.2,123,86,7.1,4.9,84,82,4.8,4.7,566,160,32.7,8.6,577,186,33.3,10.2,505,161,29.2,8.8,118767046,24649263,68591,12526,1533,176,88.6,5.2,74447,13081,62,46,3.6,2.7,15749,11004,30,30,1.7,1.7,26752,36996,3,20,0.1,1.2,0,0,3,20,0.1,1.2,0,0,27,34,1.5,2,5539,781,25574.8,3625.4,,,,,53358,5675,0.0718934635651716,0.000173664368007488
30,E07,Yes,Atlanta Regional Commission,3075,NSA,NSA E07,11646,539,860,262,7.4,2.2,284,129,2.4,1.1,640,178,5.5,1.5,780,252,6.7,2.1,1110,300,9.5,2.5,1962,334,16.8,2.8,1594,304,13.7,2.5,2056,319,17.7,2.6,868,182,7.5,1.5,1492,240,12.8,2,2564,424,22,3.5,3072,449,26.4,3.7,4518,477,38.8,3.7,1282407234,98947247,110117,6796,10419,547,89.5,2.2,111808,5922,1257,267,10.8,2.2,16209,2793,564,194,4.8,1.7,33474,9814,309,175,2.7,1.5,4011,2827,27,54,0.2,0.5,0,0,386,134,3.3,1.1,18408,1037,71804.8,3874.2,,,,,77940,3329,0.122357094565797,0.000463573392664514
31,F01,Yes,Atlanta Regional Commission,3076,NSA,NSA F01,1759,207,124,85,7.1,4.8,18,24,1,1.3,49,43,2.8,2.4,135,93,7.7,5.2,146,103,8.3,5.8,422,162,24,8.8,349,120,19.9,6.4,262,129,14.9,7.1,90,65,5.1,3.7,163,93,9.3,5.2,327,135,18.6,7.4,568,192,32.3,10.2,701,188,39.8,9.6,171437868,36178663,97460,17056,1608,200,91.4,3.6,93302,18085,236,110,13.4,6,24091,7783,140,96,8,5.4,30576,21083,45,49,2.6,2.8,11504,6251,12,23,0.7,1.3,0,0,93,66,5.3,3.7,3372,504,53348.5,7964.8,,,,,73912,5853,0.0549257074767042,0.000166184101525505
32,F02,Yes,Atlanta Regional Commission,3077,NSA,NSA F02,1907,243,128,82,6.7,4.2,43,41,2.2,2.1,172,110,9,5.7,152,100,8,5.2,200,122,10.5,6.3,569,201,29.8,9.8,287,132,15.1,6.7,201,97,10.6,4.9,72,53,3.8,2.8,83,53,4.4,2.7,495,175,26,8.6,769,235,40.3,11.2,560,172,29.4,8.2,134742766,22071669,70669,7294,1629,240,85.4,6.4,75350,6798,258,100,13.5,5,18182,5902,128,100,6.7,5.2,14459,14006,48,47,2.5,2.4,972,3796,14,27,0.7,1.4,0,0,156,86,8.2,4.4,3947,660,36093.1,8523.5,,,,,60684,3813,0.063797157800202,0.000183444175241594
33,F03,Yes,Atlanta Regional Commission,3078,NSA,NSA F03,4413,305,349,143,7.9,3.2,58,49,1.3,1.1,346,140,7.8,3.1,182,108,4.1,2.4,264,128,6,2.9,664,178,15.1,3.9,470,152,10.6,3.4,732,177,16.6,3.8,439,128,10,2.8,909,171,20.6,3.6,935,233,21.2,5.1,928,219,21,4.7,1641,266,37.2,5.4,613061708,69679276,138909,12537,4062,299,92,2.3,138835,13409,477,141,10.8,3.1,15710,3031,285,95,6.5,2.1,24287,12342,63,59,1.4,1.3,0,0,50,54,1.1,1.2,0,0,183,101,4.2,2.3,9022,867,70497.9,4183.4,,,,,93261,7022,0.0727447161914564,0.000279418900102597
34,F04,Yes,Atlanta Regional Commission,3079,NSA,NSA F04,4240,277,110,65,2.6,1.5,45,49,1.1,1.1,81,59,1.9,1.4,197,105,4.6,2.5,307,130,7.2,3,555,177,13.1,4.1,431,148,10.2,3.4,604,140,14.2,3.2,489,150,11.5,3.5,1422,176,33.5,3.5,432,145,10.2,3.4,862,219,20.3,5,1523,253,35.9,5.5,833651077,87776214,196594,16241,3751,274,88.5,2.9,198203,16862,801,170,18.9,3.8,20916,2163,608,161,14.3,3.7,36034,7307,65,47,1.5,1.1,1645,1088,1,34,0,0.8,0,0,47,38,1.1,0.9,10054,691,85090.1,6352.9,,,,,128289,11716,0.119328893423258,0.000592267593353665
35,F05,Yes,Atlanta Regional Commission,3080,NSA,NSA F05,999,128,208,90,20.8,8.6,39,26,3.9,2.6,89,41,8.9,4,90,60,9,5.9,136,66,13.6,6.3,134,64,13.4,6.1,36,28,3.6,2.7,96,45,9.6,4.4,38,26,3.8,2.6,135,55,13.5,5.3,425,118,42.5,10.5,270,92,27,8.5,170,59,17,5.5,79497983,16685347,79587,13224,620,104,62,6.8,97786,21373,328,85,32.8,7.4,17207,2643,222,72,22.2,6.6,26451,8750,25,19,2.5,1.9,8739,6942,0,18,0,1.9,,,1,18,0.1,1.9,6012,488,15824,2535.1,,,,,40182,7214,0.105926025793452,0.000299031111782451
36,G01,Yes,Atlanta Regional Commission,3081,NSA,NSA G01,1127,137,124,79,11,6.8,57,56,5.1,4.9,182,86,16.2,7.3,233,101,20.7,8.6,265,107,23.6,9.1,161,67,14.3,5.7,31,36,2.8,3.2,48,41,4.2,3.6,5,25,0.4,2.2,20,27,1.8,2.4,597,163,53,13,427,126,37.9,10.2,84,60,7.4,5.3,48805911,11961309,43303,9216,816,142,72.4,9.1,40085,4704,376,100,33.3,7.8,13178,752,222,84,19.7,7,40843,43201,62,59,5.5,5.1,4766,5725,32,45,2.8,4,4536,6462,226,95,20,8.1,2739,665,19240.8,6556.2,,,,,33619,2511,0.115495946718813,0.000604787344711357
37,G02,Yes,Atlanta Regional Commission,3082,NSA,NSA G02,943,153,251,91,26.6,8.6,114,67,12.1,6.9,215,95,22.8,9.4,163,81,17.2,8.1,82,61,8.7,6.3,87,74,9.2,7.7,19,29,2,3.1,12,33,1.3,3.5,0,21,0,2.2,0,21,0,2.2,742,168,78.7,12.4,169,96,18,9.7,31,48,3.3,5.1,23812516,5703060,25253,4442,589,139,62.5,10.7,26040,5586,269,91,28.6,8.5,12259,2487,185,81,19.6,8,16061,7635,100,64,10.6,6.5,6773,5957,215,91,22.8,8.9,3726,1090,429,84,45.4,4.9,2584,489,11051.8,1923.3,,,,,20999,2690,0.0842872041990582,0.000287568750017623
38,G03,Yes,Atlanta Regional Commission,3083,NSA,NSA G03,1832,218,129,73,7.1,3.9,192,93,10.5,4.9,409,151,22.4,7.8,366,126,20,6.5,342,155,18.7,8.2,200,114,10.9,6.1,60,45,3.3,2.4,71,54,3.9,2.9,31,30,1.7,1.6,31,33,1.7,1.8,1097,229,59.9,10.3,542,192,29.6,9.9,162,76,8.9,4,75468339,13439607,41205,5456,1070,198,58.4,8.3,48086,3617,763,161,41.7,7.3,11811,986,581,146,31.7,7,19978,12906,84,72,4.6,3.9,1379,1496,64,48,3.5,2.6,3656,3672,508,171,27.7,8.8,3831,718,22119.7,5795.9,,,,,29711,2308,0.155780361282709,0.00060559742631073
39,H01,Yes,Atlanta Regional Commission,3084,NSA,NSA H01,1160,141,192,66,16.5,5.3,161,74,13.9,6.2,170,66,14.7,5.4,269,88,23.2,7,133,67,11.4,5.6,127,55,11,4.5,85,52,7.4,4.4,12,35,1,3,11,25,0.9,2.1,0,25,0,2.1,792,148,68.3,9.7,260,86,22.4,6.9,108,68,9.3,5.7,38057895,5919560,32820,3180,779,128,67.2,7.4,32584,4189,431,91,37.2,6.4,13770,1889,240,74,20.7,5.8,17101,4590,184,79,15.8,6.5,9260,1445,88,69,7.6,5.8,560,1083,426,91,36.7,6.5,3632,720,12663,3373.5,,,,,26872,2532,0.113321030947597,0.000511735035016586
40,H02,Yes,Atlanta Regional Commission,3085,NSA,NSA H02,755,136,216,81,28.6,9.4,112,73,14.8,9.3,115,70,15.2,8.9,109,73,14.4,9.3,67,53,8.9,6.8,77,49,10.2,6.2,37,44,4.9,5.7,22,45,2.9,5.9,0,14,0,1.9,0,14,0,1.9,551,149,73,14.7,144,72,19.1,8.9,59,64,7.8,8.4,20963774,6778212,27774,7446,452,129,59.9,13.2,29430,10007,288,89,38.2,9.5,12737,3170,153,75,20.2,9.2,16794,7875,77,62,10.3,7.9,7819,2721,88,75,11.6,9.7,1213,1501,357,98,47.3,9.8,2518,744,10113.8,2131.4,,,,,18742,4562,0.0846355572440765,0.000252513320029005
41,H03,Yes,Atlanta Regional Commission,3086,NSA,NSA H03,1961,244,250,107,12.7,5.2,158,90,8.1,4.5,397,172,20.3,8.4,183,99,9.3,4.9,381,189,19.4,9.3,346,158,17.6,7.8,148,120,7.6,6.1,56,64,2.9,3.3,36,42,1.9,2.1,5,21,0.3,1.1,988,243,50.4,10.7,727,247,37.1,11.7,241,143,12.3,7.1,81358661,17998638,41486,7591,1315,254,67,9.9,40994,8210,741,181,37.8,7.9,13199,1792,383,128,19.5,6,31451,16090,215,120,11,6,8142,2218,41,41,2.1,2.1,3013,3375,633,141,32.3,6,5496,1008,17182.2,2342.2,,,,,34582,4767,0.090737782368822,0.000251024221079589
42,H04,Yes,Atlanta Regional Commission,3087,NSA,NSA H04,1539,201,189,88,12.3,5.5,157,92,10.2,5.9,293,139,19,8.7,220,118,14.3,7.4,295,137,19.1,8.5,137,94,8.9,6,55,72,3.6,4.7,160,108,10.4,6.9,9,27,0.6,1.8,24,34,1.5,2.2,860,222,55.9,12.5,432,166,28.1,10.1,224,133,14.5,8.4,70119804,17633258,45567,9791,1026,217,66.7,11.1,40925,10536,785,151,51,7.2,12872,1855,382,120,24.8,7.1,33137,12737,167,95,10.9,6,7264,2128,45,46,2.9,3,0,0,558,159,36.2,9.2,4908,1029,16749.7,2499.7,,,,,31708,3202,0.128603581478265,0.000578377298031626
43,I01,Yes,Atlanta Regional Commission,3088,NSA,NSA I01,1083,171,125,89,11.6,8,111,90,10.2,8.1,216,103,20,9,125,77,11.6,6.9,187,83,17.2,7.1,204,98,18.9,8.5,47,52,4.4,4.7,37,31,3.4,2.8,30,43,2.8,3.9,0,20,0,1.9,578,181,53.4,14.4,391,128,36.1,10.4,114,74,10.5,6.6,42689067,9052583,39425,5579,697,159,64.4,10.6,37348,8303,466,121,43,8.8,18586,1671,300,108,27.7,8.9,12871,3095,175,82,16.1,7.1,10075,3673,57,66,5.3,6,592,937,466,141,43,11.2,2892,579,16662.2,803,,,,,31123,4778,0.11472991409397,0.000447978623912717
44,I02,Yes,Atlanta Regional Commission,3089,NSA,NSA I02,1330,240,100,77,7.5,5.6,113,77,8.5,5.6,81,66,6.1,4.8,134,89,10.1,6.4,183,115,13.8,8.3,275,133,20.7,9.3,252,140,19,9.9,127,84,9.6,6.1,46,48,3.5,3.5,18,28,1.3,2.1,428,155,32.2,10.1,458,176,34.5,11.7,426,170,32,11.4,82454451,20877721,62004,11022,923,232,69.4,12.2,59036,10572,503,144,37.8,8.5,15005,2703,342,117,25.7,7.5,40725,19666,89,80,6.7,5.9,8441,4867,18,34,1.3,2.6,3072,3028,235,98,17.7,6.6,3398,762,28109.1,4232.2,,,,,54418,5919,0.166266061042626,0.000464455022709665
45,I03,Yes,Atlanta Regional Commission,3090,NSA,NSA I03,2282,277,352,158,15.4,6.7,270,142,11.8,6.1,434,202,19,8.5,354,161,15.5,6.8,173,106,7.6,4.6,430,160,18.8,6.6,114,87,5,3.7,103,69,4.5,3,35,44,1.5,1.9,17,37,0.8,1.6,1410,335,61.8,12.6,603,192,26.4,7.8,252,119,11,5,88552250,15988372,38802,5182,1355,280,59.4,9.9,41536,6029,923,202,40.4,7.4,13763,2135,536,165,23.5,6.7,26459,4192,261,138,11.4,5.9,9670,1161,9,27,0.4,1.2,0,0,817,203,35.8,7.8,5527,1064,18309.2,1161.5,,,,,26837,2081,0.161428898012725,0.000628178550350401
46,I04,Yes,Atlanta Regional Commission,3091,NSA,NSA I04,2190,302,234,107,10.7,4.7,155,80,7.1,3.5,403,177,18.4,7.7,359,176,16.4,7.7,413,180,18.8,7.8,292,141,13.3,6.2,133,88,6.1,3.9,112,72,5.1,3.2,74,70,3.4,3.2,15,30,0.7,1.4,1152,283,52.6,10.7,705,229,32.2,9.4,318,134,14.5,5.8,106524338,28665801,48652,11236,1152,261,52.6,9.5,53946,20386,1199,239,54.8,7.9,14576,2402,963,234,44,8.8,21918,3316,202,108,9.2,4.7,7550,3100,30,39,1.4,1.8,0,0,507,173,23.1,7.2,5069,1201,22484.9,2503.4,,,,,32226,3422,0.0918745737086422,0.000488044062255903
47,I05,Yes,Atlanta Regional Commission,3092,NSA,NSA I05,1828,222,456,120,24.9,5.8,223,128,12.2,6.8,248,116,13.5,6.2,156,96,8.5,5.2,291,143,15.9,7.6,228,115,12.5,6.1,118,79,6.5,4.2,55,57,3,3.1,30,42,1.6,2.3,23,35,1.3,1.9,1082,231,59.2,10.4,519,184,28.4,9.4,204,106,11.1,5.6,73399371,17517811,40146,8242,1255,219,68.7,8.6,41728,10522,482,136,26.4,6.7,16779,4501,302,109,16.5,5.6,25792,11153,244,102,13.3,5.3,9413,2213,110,59,6,3.2,1556,570,929,156,50.8,5.9,5852,871,14945.4,2935.5,,,,,24458,5553,0.139055116254014,0.000364383947011717
48,J01,Yes,Atlanta Regional Commission,3093,NSA,NSA J01,849,154,126,75,14.9,8.4,60,51,7,5.9,202,84,23.7,8.9,184,89,21.7,9.7,115,64,13.6,7.1,98,69,11.5,7.9,18,18,2.1,2.1,41,41,4.9,4.7,0,18,0,2.1,5,19,0.5,2.2,572,152,67.3,13.2,213,94,25.1,10.2,60,48,7,5.5,29355371,8097533,34570,7202,467,125,55,10.8,37415,9504,429,100,50.5,7.5,14020,1227,284,95,33.5,9.4,14832,6977,81,56,9.6,6.3,7089,2303,33,36,3.9,4.2,240,1129,303,84,35.7,7.5,2029,424,16732.9,2643.1,,,,,26836,2886,0.0960989063904543,0.000241358773018325
49,J02,Yes,Atlanta Regional Commission,3094,NSA,NSA J02,1661,219,177,90,10.7,5.2,154,91,9.3,5.3,412,128,24.8,7,304,120,18.3,6.8,214,105,12.9,6.1,309,129,18.6,7.3,30,30,1.8,1.8,48,52,2.9,3.1,7,33,0.4,2,5,27,0.3,1.6,1047,217,63,10.1,524,166,31.5,9.1,85,69,5.1,4.1,58248191,11567788,35060,5199,1014,193,61,8.4,35698,6888,873,163,52.5,7,11910,1124,597,149,36,7.6,14538,3754,153,79,9.2,4.6,5656,2465,53,45,3.2,2.7,265,665,396,117,23.9,6.3,3909,677,17432.6,1924.9,,,,,27232,2074,0.142328640075593,0.000481091401095323
50,J03,Yes,Atlanta Regional Commission,3095,NSA,NSA J03,1225,165,146,85,11.9,6.7,155,68,12.7,5.3,257,87,21,6.5,204,77,16.6,5.9,193,88,15.8,6.9,152,71,12.4,5.5,72,41,5.9,3.3,31,54,2.5,4.4,6,23,0.5,1.8,9,24,0.7,2,762,159,62.2,9.9,345,113,28.2,8.4,109,72,8.9,5.7,44827162,8735843,36593,5163,662,129,54,7.6,37072,8176,654,123,53.4,7,13274,776,458,119,37.4,8.3,18150,3995,68,38,5.6,3,7736,2571,29,27,2.3,2.2,0,0,369,102,30.2,7.3,3367,554,16371.9,1371.2,,,,,27243,2903,0.100032930735551,0.000310775434691605
51,K01,Yes,Atlanta Regional Commission,3096,NSA,NSA K01,1369,158,268,90,19.5,6.2,81,50,5.9,3.6,250,91,18.2,6.3,183,80,13.4,5.6,237,90,17.3,6.3,189,72,13.8,5,69,42,5,3,70,51,5.1,3.7,12,27,0.9,1.9,11,22,0.8,1.6,781,159,57.1,9.6,426,116,31.1,7.6,150,71,11,5.1,53345665,8294778,38974,4051,901,150,65.8,7.9,41426,3666,530,108,38.7,6.5,13615,1642,250,83,18.3,5.7,20177,7678,201,75,14.7,5.2,6631,1133,64,51,4.7,3.7,0,0,540,115,39.5,7.1,3803,574,16239.1,753.1,,,,,28896,3904,0.0727628973076578,0.000231984191144633
52,K02,Yes,Atlanta Regional Commission,3097,NSA,NSA K02,1297,157,295,112,22.8,8.2,130,63,10,4.7,267,96,20.6,6.9,155,81,11.9,6.1,149,76,11.5,5.7,128,65,9.9,4.8,71,41,5.4,3.1,56,44,4.3,3.4,37,45,2.9,3.5,8,21,0.6,1.6,847,179,65.3,11.4,278,100,21.4,7.3,164,75,12.7,5.6,49346549,9926333,38054,6118,833,139,64.2,7.4,44475,8231,436,126,33.6,8.9,12885,1621,253,91,19.5,6.6,14370,2679,162,72,12.5,5.3,9831,2509,109,55,8.4,4.1,2465,1204,378,99,29.1,6.7,3177,504,18756.4,3402.8,,,,,23655,2352,0.077650955257636,0.000227720932035371
53,K03,Yes,Atlanta Regional Commission,3098,NSA,NSA K03,288,38,19,25,6.6,8.5,3,15,1.1,5.2,23,26,8,8.9,31,31,10.6,10.5,13,35,4.6,12.1,72,46,25,15.8,30,23,10.3,7.9,54,33,18.7,11.3,24,20,8.3,6.9,19,18,6.6,6,76,49,26.4,16.7,85,58,29.6,19.8,108,45,37.4,14.9,25760340,4506481,89466,10351,211,39,73.3,9.8,106071,5407,77,44,26.7,14.8,12771,1635,56,36,19.5,12.3,22806,20639,25,25,8.6,8.5,10480,13825,0,18,0,6.1,,,21,22,7.2,7.7,2980,180,19109.9,2793.8,,,,,67500,16527,0.0577435195638353,0.000141221989704004
54,L01,Yes,Atlanta Regional Commission,3099,NSA,NSA L01,1550,126,286,78,18.5,4.8,160,58,10.3,3.6,301,84,19.4,5.2,250,85,16.1,5.3,216,79,13.9,5,210,75,13.5,4.7,32,24,2.1,1.5,69,43,4.5,2.8,0,23,0,1.5,26,26,1.7,1.7,997,154,64.3,8.5,426,109,27.5,6.7,101,54,6.5,3.5,55212600,7415360,35621,3810,1183,118,76.3,4.5,39999,4120,328,65,21.2,3.8,11306,1718,106,47,6.8,3,16308,6808,100,41,6.5,2.6,8693,2463,51,37,3.3,2.4,1490,576,688,105,44.4,5.7,4048,433,16056.1,1370.9,,,,,26148,2953,0.0468824221766534,0.00012911087853552
55,L02,Yes,Atlanta Regional Commission,3100,NSA,NSA L02,1356,152,485,107,35.8,6.8,97,47,7.1,3.4,161,75,11.9,5.3,146,62,10.8,4.4,223,83,16.5,5.8,132,63,9.7,4.5,61,39,4.5,2.8,29,35,2.1,2.6,22,38,1.6,2.8,0,28,0,2.1,889,152,65.5,8.5,355,104,26.2,7.1,112,65,8.3,4.7,39283707,7606403,28972,4577,815,132,60.1,7,41666,6015,197,63,14.5,4.3,13343,2141,66,40,4.9,2.9,9846,3979,103,46,7.6,3.3,8528,1178,49,37,3.6,2.7,243,240,293,74,21.6,4.9,3019,459,14759.8,2058.4,,,,,21513,4359,0.0712262461989621,0.00020130708098545
56,M01,Yes,Atlanta Regional Commission,3101,NSA,NSA M01,5513,274,922,166,16.7,2.9,288,102,5.2,1.8,646,150,11.7,2.7,527,149,9.6,2.7,589,143,10.7,2.5,898,172,16.3,3,587,135,10.6,2.4,564,128,10.2,2.3,221,71,4,1.3,272,99,4.9,1.8,2382,288,43.2,4.8,1488,223,27,3.8,1371,199,24.9,3.4,369081961,38364598,66952,6114,4484,283,81.3,3.2,74683,6777,815,136,14.8,2.3,11848,1460,335,102,6.1,1.8,27186,14588,275,104,5,1.9,6514,1201,112,70,2,1.3,1234,738,891,159,16.2,2.8,16887,858,24938.2,2201.9,,,,,45276,3585,0.10603466113342,0.000565287550401236
57,M02,Yes,Atlanta Regional Commission,3102,NSA,NSA M02,8161,391,1317,253,16.1,3,546,180,6.7,2.2,660,198,8.1,2.4,572,176,7,2.1,946,224,11.6,2.7,1484,260,18.2,3.1,859,204,10.5,2.4,1029,204,12.6,2.4,344,121,4.2,1.5,403,126,4.9,1.5,3095,408,37.9,4.7,2430,343,29.8,3.9,2233,313,27.4,3.6,538131407,42926929,65939,4205,6290,364,77.1,2.5,78409,5152,1430,239,17.5,2.8,11435,1561,820,209,10,2.5,17735,5628,392,133,4.8,1.6,4246,1371,188,93,2.3,1.1,1249,1017,1288,251,15.8,3,14721,907,39591.1,2221.9,,,,,50483,2345,0.0879696420712745,0.000385295586193887
58,N01,Yes,Atlanta Regional Commission,3103,NSA,NSA N01,2075,144,57,36,2.7,1.7,50,35,2.4,1.7,229,78,11,3.7,155,87,7.5,4.2,267,87,12.9,4.1,309,93,14.9,4.4,246,78,11.9,3.6,476,118,22.9,5.5,131,56,6.3,2.7,154,57,7.4,2.7,491,128,23.7,5.9,577,128,27.8,5.9,853,152,41.1,6.8,189750918,20546423,91439,7586,1889,149,91,3.4,93357,8511,232,71,11.2,3.4,17664,1817,145,63,7,3,29912,12742,77,50,3.7,2.4,7894,1988,28,21,1.4,1,0,0,116,58,5.6,2.7,4404,350,46014.9,3332,,,,,72475,8045,0.0723452998399612,0.00020629687779014
59,N02,Yes,Atlanta Regional Commission,3104,NSA,NSA N02,3862,230,140,74,3.6,1.9,60,50,1.5,1.3,195,110,5,2.8,351,141,9.1,3.6,446,127,11.5,3.2,611,156,15.8,3.9,575,128,14.9,3.2,749,186,19.4,4.7,172,66,4.5,1.7,563,116,14.6,2.9,745,200,19.3,5.1,1057,201,27.4,4.9,1497,236,38.8,5.7,445632427,46860494,115374,9998,3502,219,90.7,1.7,118112,10815,320,105,8.3,2.7,19693,8856,217,87,5.6,2.2,37977,9994,99,92,2.6,2.4,0,0,14,24,0.4,0.6,0,0,132,85,3.4,2.2,7225,614,63948.2,3932.2,,,,,80606,5361,0.0742410013863846,0.000244538044354969
60,N03,Yes,Atlanta Regional Commission,3105,NSA,NSA N03,2474,166,106,67,4.3,2.7,52,51,2.1,2.1,54,50,2.2,2,119,68,4.8,2.7,289,121,11.7,4.8,347,97,14,3.8,341,90,13.8,3.5,375,99,15.2,3.9,236,71,9.5,2.8,556,100,22.5,3.8,331,119,13.4,4.7,635,155,25.7,6,952,152,38.5,5.6,363751025,43750844,147015,14673,2223,170,89.8,3.3,145238,15822,429,104,17.4,4.1,21152,3552,310,100,12.5,3.9,35153,8718,8,28,0.3,1.1,0,0,0,28,0,1.1,,,30,44,1.2,1.8,5323,388,69716.7,6570.2,,,,,94852,7753,0.0824051622121187,0.000294886083115338
61,N04,Yes,Atlanta Regional Commission,3106,NSA,NSA N04,1224,107,93,60,7.6,4.9,10,21,0.8,1.7,23,40,1.9,3.3,27,30,2.2,2.4,102,64,8.3,5.2,133,75,10.8,6.1,144,52,11.7,4.1,275,90,22.4,7.1,133,56,10.8,4.5,286,70,23.3,5.3,153,81,12.5,6.5,235,99,19.2,7.9,551,117,45,8.8,180718380,23119348,147634,13824,1093,111,89.3,4.7,153309,13978,150,47,12.2,3.7,22160,4182,101,43,8.2,3.4,38270,7604,19,26,1.6,2.1,0,0,0,18,0,1.5,,,7,12,0.6,1,3015,363,61090.9,3223.3,,,,,114996,12828,0.0609761511338205,0.000125607293414081
62,O01,Yes,Atlanta Regional Commission,3107,NSA,NSA O01,1960,199,181,87,9.2,4.4,182,93,9.3,4.6,208,97,10.6,4.8,162,97,8.3,4.9,159,92,8.1,4.6,181,76,9.2,3.8,257,101,13.1,5,224,79,11.4,3.9,195,72,10,3.6,212,99,10.8,4.9,732,187,37.4,8.8,339,120,17.3,5.8,676,147,34.5,6.6,179325384,33927287,91507,14607,1450,189,74,6,109538,17818,513,123,26.2,5.7,15481,2483,298,94,15.2,4.5,18810,5771,135,80,6.9,4,2987,2125,55,44,2.8,2.2,562,422,470,111,24,5.1,5301,763,35931.1,4741.6,,,,,61481,12143,0.14819383415269,0.000289712194583228
63,O02,Yes,Atlanta Regional Commission,3108,NSA,NSA O02,2624,196,188,89,7.2,3.4,111,54,4.2,2,238,105,9.1,4,156,72,5.9,2.7,219,85,8.4,3.2,427,118,16.3,4.3,328,117,12.5,4.4,498,110,19,4,222,78,8.4,2.9,236,79,9,2.9,694,165,26.4,6,647,145,24.6,5.2,1048,179,39.9,6.1,242991247,29060130,92591,8637,2261,197,86.2,3.9,99035,9224,501,110,19.1,3.9,15163,296,232,73,8.8,2.7,22940,8584,117,55,4.4,2.1,6459,3862,37,41,1.4,1.6,867,419,395,116,15.1,4.3,6185,525,40716.9,3211.2,,,,,72912,7579,0.114103424055319,0.000378913608298809
64,O03,Yes,Atlanta Regional Commission,3109,NSA,NSA O03,2105,201,309,122,14.7,5.6,224,109,10.6,5.1,177,90,8.4,4.2,143,67,6.8,3.1,206,98,9.8,4.6,300,106,14.2,4.8,266,100,12.7,4.6,270,95,12.8,4.4,127,60,6,2.8,83,48,3.9,2.3,853,198,40.5,8.6,506,144,24,6.5,663,151,31.5,6.5,135119479,19317351,64181,6817,1627,198,77.3,5.8,73960,6750,442,121,21,5.4,11892,1160,208,91,9.9,4.2,12746,5664,63,44,3,2.1,3045,3602,5,23,0.3,1.1,0,0,404,134,19.2,6.1,4568,557,31760.6,2351.6,,,,,49262,6868,0.0759077561373517,0.000224822737091583
65,P01,Yes,Atlanta Regional Commission,3110,NSA,NSA P01,1931,319,169,122,8.7,6.1,262,160,13.5,8,215,148,11.1,7.5,327,203,16.9,10.1,258,180,13.3,9.1,262,128,13.6,6.2,261,153,13.5,7.6,98,91,5.1,4.7,23,37,1.2,1.9,56,57,2.9,2.9,973,322,50.4,14.4,520,221,26.9,10.5,382,182,19.8,8.9,105836776,29232744,54817,12133,1123,295,58.1,11.9,64057,18798,809,229,41.9,9.6,19370,5245,554,198,28.7,9.1,23044,2352,144,118,7.5,6,8909,6347,75,96,3.9,5,0,0,348,183,18,9,4473,989,25787.7,3525.9,,,,,34654,3563,0.148847684257756,0.000682931483266478
66,P02,Yes,Atlanta Regional Commission,3111,NSA,NSA P02,1600,246,69,72,4.3,4.4,153,171,9.6,10.6,80,105,5,6.5,91,94,5.7,5.8,423,268,26.4,16.2,256,132,16,7.9,319,174,19.9,10.4,133,113,8.3,7,34,40,2.1,2.5,43,72,2.7,4.5,393,233,24.6,14,679,299,42.4,17.5,485,211,30.3,12.4,97889616,24096066,61178,11747,1342,292,83.9,12.9,60144,11964,344,176,21.5,10.5,11116,8014,172,92,10.7,5.5,52373,33738,216,172,13.5,10.5,8557,3476,102,160,6.4,10,0,0,564,252,35.2,14.8,4867,1104,23008.1,1973.5,,,,,49466,4099,0.0905912488439923,0.000300835700332502
67,P03,Yes,Atlanta Regional Commission,3112,NSA,NSA P03,1164,172,133,74,11.5,6.1,61,62,5.3,5.3,168,91,14.5,7.5,107,65,9.2,5.4,211,102,18.1,8.4,244,100,20.9,8,88,54,7.6,4.5,114,74,9.8,6.2,12,27,1,2.3,25,27,2.2,2.3,469,148,40.3,11.2,455,143,39.1,10.9,214,96,18.4,7.8,70406350,19688944,60499,14347,747,154,64.2,9.2,54802,9885,486,118,41.8,8.1,13806,2214,331,91,28.4,6.6,28369,5686,108,77,9.3,6.4,11477,4557,38,43,3.3,3.6,0,0,286,108,24.6,8.5,3688,724,21190.8,4015,,,,,41517,3949,0.114112366197043,0.000323837697982925
68,P04,Yes,Atlanta Regional Commission,3113,NSA,NSA P04,1081,184,110,75,10.2,6.7,45,57,4.1,5.2,132,94,12.3,8.4,129,76,11.9,6.7,309,136,28.6,11.6,111,78,10.2,7,98,61,9.1,5.4,104,77,9.6,7,24,27,2.2,2.5,20,27,1.8,2.5,416,153,38.5,12.6,420,157,38.9,12.9,225,102,20.8,8.8,65575884,18394961,60682,13530,791,174,73.2,10.2,62729,17849,394,121,36.4,9.4,14390,1654,262,97,24.2,8,23304,6990,72,59,6.7,5.4,12796,4906,19,20,1.7,1.9,0,0,258,108,23.9,9.1,2939,663,25485.3,3747.8,,,,,39470,3610,0.0940210277796333,0.000330940787031898
69,P05,Yes,Atlanta Regional Commission,3114,NSA,NSA P05,1114,220,108,77,9.6,6.7,96,81,8.6,7.1,117,100,10.5,8.8,103,92,9.3,8,210,138,18.8,11.8,192,125,17.2,10.7,69,67,6.2,5.9,137,110,12.3,9.6,34,34,3,3,50,52,4.4,4.6,423,176,38,13.9,402,186,36,15.2,240,133,21.5,11.2,69162428,19140519,62071,12064,887,214,79.6,11.2,63161,10949,303,126,27.2,10,15115,3545,197,94,17.7,7.7,22456,11639,67,71,6,6.3,8843,4236,13,23,1.2,2,0,0,202,117,18.1,9.9,3386,925,23268,1811.4,,,,,42086,4580,0.123336375153344,0.000496282061845984
70,P06,Yes,Atlanta Regional Commission,3115,NSA,NSA P06,1165,247,105,87,9,7.2,151,98,12.9,8,327,195,28.1,15.7,107,101,9.2,8.5,156,145,13.4,12.2,178,129,15.3,10.6,94,93,8,7.8,41,57,3.5,4.8,2,17,0.2,1.4,3,23,0.3,2,691,256,59.3,18,334,194,28.7,15.5,137,111,11.7,9.2,42892950,13034472,36821,8014,607,244,52.1,17.8,41969,11597,545,176,46.8,11.4,14854,3018,439,153,37.7,10.4,14601,7418,191,132,16.4,10.8,6156,1272,92,90,7.9,7.5,1322,1383,373,205,32,16.2,2013,520,22111.6,3527.4,,,,,24952,5729,0.0804909848750892,0.00028791987865046
71,Q01,Yes,Atlanta Regional Commission,3116,NSA,NSA Q01,999,190,45,47,4.5,4.6,31,41,3.1,4.1,7,26,0.7,2.6,127,87,12.7,8.4,131,99,13.1,9.6,166,115,16.6,11.1,183,119,18.4,11.4,166,113,16.6,10.8,38,44,3.8,4.4,104,75,10.5,7.3,211,110,21.1,10.3,297,152,29.7,14.1,386,170,38.7,15.4,104275884,34260693,104416,27979,835,195,83.6,11.4,104177,31780,260,92,26,7.8,13940,3574,274,104,27.5,9,32069,11766,30,41,3,4.1,4612,8298,20,29,2.1,2.8,0,0,148,98,14.8,9.4,2768,749,39873.1,6482.9,,,,,73894,8346,0.142668812380867,0.000335291983915207
72,R01,Yes,Atlanta Regional Commission,3117,NSA,NSA R01,3048,291,880,214,28.9,6.5,676,210,22.2,6.5,753,221,24.7,6.9,353,151,11.6,4.8,126,79,4.1,2.6,131,95,4.3,3.1,70,80,2.3,2.6,32,50,1.1,1.6,8,25,0.3,0.8,18,30,0.6,1,2663,402,87.4,10.2,257,124,8.4,4,110,98,3.6,3.2,77714703,17696015,25500,5272,1692,290,55.5,7.9,25679,5257,1178,232,38.6,6.6,11738,968,499,147,16.4,4.6,11856,3042,459,155,15,4.9,8445,1685,118,103,3.9,3.3,0,0,1511,240,49.6,6.3,6995,1085,12300.4,1987.7,,,,,14759,1055,0.100368269120205,0.00024315738364647
73,R02,Yes,Atlanta Regional Commission,3118,NSA,NSA R02,2758,259,340,122,12.3,4.3,302,117,10.9,4.1,313,110,11.3,3.8,554,163,20.1,5.6,271,106,9.8,3.7,508,159,18.4,5.5,207,83,7.5,2.9,143,60,5.2,2.1,61,47,2.2,1.7,60,43,2.2,1.5,1508,260,54.7,7.9,779,191,28.2,6.4,412,113,14.9,3.8,133943521,17623788,48561,4471,1989,246,72.1,5.8,46052,4887,884,160,32.1,5,18170,2096,595,123,21.6,4,29789,5447,240,89,8.7,3.1,5858,1341,118,79,4.3,2.8,2325,1642,866,175,31.4,5.6,7850,1013,19173.6,764.7,,,,,32763,1808,0.173204837244315,0.00079460036483143
74,R03,Yes,Atlanta Regional Commission,3119,NSA,NSA R03,1772,188,327,112,18.5,6,277,103,15.6,5.6,387,135,21.8,7.2,211,100,11.9,5.5,206,88,11.6,4.8,157,84,8.9,4.7,102,49,5.8,2.7,92,67,5.2,3.8,7,17,0.4,1,6,16,0.3,0.9,1202,227,67.8,10.6,363,122,20.5,6.5,201,85,11.3,4.6,59524500,9697353,33592,4147,1080,181,60.9,7.9,36220,5713,714,126,40.3,5.7,13216,1126,309,90,17.4,4.7,20055,5129,136,64,7.7,3.5,8993,2031,140,78,7.9,4.3,2951,1333,734,146,41.4,7,4618,700,14823,1448.3,,,,,22207,2221,0.106367840456953,0.000332078348640402
75,S01,Yes,Atlanta Regional Commission,3120,NSA,NSA S01,1408,163,333,100,23.7,6.5,153,62,10.9,4.2,302,90,21.5,5.9,127,62,9,4.2,183,81,13,5.5,153,74,10.9,5.1,61,37,4.3,2.6,90,54,6.4,3.8,6,22,0.4,1.6,0,27,0,1.9,916,160,65,8.5,336,110,23.8,7.3,156,69,11.1,4.8,46513546,7949619,33040,4147,1017,149,72.3,6.5,34778,4205,414,89,29.4,5.3,14164,1803,123,61,8.8,4.2,7909,3625,222,86,15.7,5.8,6713,1067,44,36,3.1,2.5,992,930,510,101,36.3,5.8,4261,580,13009,1381.4,,,,,22098,2541,0.0938497323557948,0.000270053312806334
76,S02,Yes,Atlanta Regional Commission,3121,NSA,NSA S02,1525,185,177,82,11.6,5.2,212,85,13.9,5.3,274,95,18,5.8,225,100,14.8,6.3,251,104,16.5,6.5,193,82,12.6,5.1,111,64,7.3,4.1,78,68,5.1,4.4,0,28,0,1.8,2,28,0.2,1.9,889,181,58.3,9.6,444,132,29.1,7.9,190,97,12.4,6.2,58038363,10464582,38050,5080,1024,179,67.1,8.5,35130,5768,677,126,44.4,6.3,15437,1622,363,102,23.8,6,18368,4599,229,112,15,7.1,9243,6908,75,45,4.9,2.9,3528,2369,576,133,37.8,7.4,4782,873,15373.3,1730.9,,,,,30826,3475,0.107993137879113,0.000444930717662852
77,S03,Yes,Atlanta Regional Commission,3122,NSA,NSA S03,906,144,97,69,10.7,7.4,87,58,9.6,6.3,93,51,10.2,5.4,141,60,15.6,6.1,163,80,18,8.4,187,80,20.7,8.2,46,47,5,5.1,67,63,7.4,6.9,25,37,2.7,4.1,0,21,0,2.3,418,120,46.1,11,351,114,38.7,10.9,137,87,15.1,9.3,41525624,10218510,45837,8591,621,134,68.6,10,49121,11946,446,110,49.2,9.3,14502,1391,181,75,20,7.6,16020,4225,61,44,6.7,4.7,9216,2123,21,26,2.3,2.8,357,701,326,94,35.9,8.7,2438,485,20420.9,2646.8,,,,,36643,2936,0.0737178336650976,0.000270091759195497
78,T01,Yes,Atlanta Regional Commission,3123,NSA,NSA T01,1188,132,247,78,20.8,6.2,154,58,13,4.7,177,75,14.9,6.1,136,79,11.5,6.5,233,86,19.6,6.9,133,70,11.2,5.8,78,42,6.6,3.5,17,37,1.5,3.1,5,21,0.4,1.7,8,22,0.7,1.9,714,146,60.1,10.3,365,111,30.8,8.7,100,60,8.4,5,41109975,7213626,34616,4690,834,134,70.2,8.2,37550,4816,417,93,35.1,6.8,10413,753,146,54,12.3,4.3,10872,2181,96,47,8.1,3.8,7755,2990,20,27,1.6,2.2,0,0,438,105,36.9,7.8,3232,562,14571.9,665.3,,,,,26150,4764,0.0543067632488426,0.000110866231670057
79,T02,Yes,Atlanta Regional Commission,3124,NSA,NSA T02,1119,79,227,71,20.3,6.2,88,43,7.9,3.8,212,72,19,6.3,74,46,6.6,4.1,125,68,11.2,6,197,77,17.6,6.7,82,51,7.3,4.5,71,48,6.3,4.2,14,23,1.3,2,28,32,2.5,2.8,601,119,53.7,9.9,322,102,28.8,8.9,167,73,15,6.5,52148160,8775297,46623,7129,907,88,81.1,5.4,51381,8039,158,54,14.2,4.7,10912,5166,43,28,3.8,2.5,17221,15905,75,32,6.7,2.8,7996,2391,27,30,2.4,2.7,0,0,289,64,25.9,5.4,7483,532,9843.8,1082.1,,,,,30227,7028,0.0536440098915299,0.000152745996087445
80,T03,Yes,Atlanta Regional Commission,3125,NSA,NSA T03,1111,155,111,61,10,5.3,87,49,7.8,4.3,269,89,24.2,7.3,102,66,9.2,5.8,207,90,18.7,7.7,165,77,14.9,6.6,117,68,10.5,5.9,28,37,2.5,3.3,16,25,1.5,2.2,9,25,0.8,2.2,569,136,51.2,10,372,118,33.5,9.6,161,81,14.5,7,48508128,10194014,43681,6869,884,149,79.6,7.5,45366,8144,341,93,30.7,7.2,12200,1648,149,63,13.4,5.4,8759,3451,87,54,7.8,4.8,2476,1773,108,62,9.7,5.4,1091,852,376,96,33.8,7.2,3315,608,17292.6,2715.6,,,,,33876,5126,0.0570605199945098,0.000157105933743521
81,T04,Yes,Atlanta Regional Commission,3126,NSA,NSA T04,2178,188,373,96,17.1,4.1,239,82,11,3.6,354,110,16.3,4.8,277,104,12.7,4.7,299,107,13.7,4.8,338,112,15.5,5,157,72,7.2,3.2,120,58,5.5,2.6,5,28,0.2,1.3,19,33,0.9,1.5,1242,197,57,7.6,637,155,29.2,6.7,281,97,12.9,4.3,86621607,11698982,39765,4134,1538,181,70.6,5.7,43864,5083,708,127,32.5,5.1,13447,1000,301,83,13.8,3.6,13051,3119,259,94,11.9,4.2,10621,1865,73,60,3.3,2.7,0,0,650,115,29.8,4.6,5269,714,18279.5,95.6,,,,,29999,3387,0.0798747549941296,0.000271319519589066
82,V01,Yes,Atlanta Regional Commission,3127,NSA,NSA V01,1383,132,282,74,20.4,5,195,85,14.1,6,179,70,12.9,4.9,110,78,8,5.6,187,76,13.5,5.3,171,75,12.4,5.3,105,49,7.6,3.5,63,41,4.6,2.9,64,39,4.6,2.8,27,28,1.9,2,766,154,55.4,9.8,358,107,25.9,7.3,233,75,16.8,5.2,64029501,9641201,46291,5379,895,132,64.7,7.3,57749,6004,358,96,25.9,6.5,12419,4152,179,69,13,4.8,20332,5471,149,55,10.7,3.8,7304,568,50,36,3.6,2.6,396,708,349,94,25.2,6.3,3072,398,22383.4,1623.6,,,,,27342,6191,0.0557236864349592,0.000169018650466593
83,V02,Yes,Atlanta Regional Commission,3128,NSA,NSA V02,1899,130,316,79,16.6,4,203,66,10.7,3.4,420,104,22.1,5.2,238,73,12.5,3.7,219,73,11.5,3.8,274,82,14.4,4.2,102,47,5.4,2.5,63,34,3.3,1.8,36,34,1.9,1.8,28,26,1.5,1.4,1177,163,62,7.5,493,110,26,5.5,201,67,10.6,3.5,76639900,11160407,40358,5189,1391,127,73.2,4.4,45565,6586,549,85,28.9,4,12164,1179,156,58,8.2,3,15424,3208,194,58,10.2,3,8073,976,100,50,5.3,2.6,1354,769,712,120,37.5,5.8,5016,474,17776.8,3177.8,,,,,25386,2838,0.0818925750794739,0.000315695189829975
84,V03,Yes,Atlanta Regional Commission,3129,NSA,NSA V03,1118,134,231,80,20.7,6.8,85,43,7.6,3.7,147,63,13.1,5.4,159,72,14.2,6.2,262,91,23.4,7.6,103,55,9.2,4.8,45,31,4,2.7,16,27,1.5,2.4,57,37,5.1,3.2,14,21,1.2,1.9,622,132,55.6,9.7,364,106,32.6,8.7,118,55,10.6,4.7,47384233,9351858,42377,6631,821,130,73.4,7.5,49682,7489,224,61,20,4.9,14755,3313,58,35,5.2,3.1,10278,10811,77,44,6.9,3.9,8728,2301,42,40,3.8,3.6,92,179,350,86,31.3,6.7,2904,485,18281.6,1718.9,,,,,32288,3356,0.0502755106988722,0.00013496522825399
85,V04,Yes,Atlanta Regional Commission,3130,NSA,NSA V04,1760,164,402,135,22.8,7.4,380,133,21.6,7.3,340,130,19.3,7.2,209,107,11.9,6,200,125,11.3,7,98,54,5.6,3.1,73,56,4.1,3.1,25,37,1.4,2.1,0,18,0,1,33,44,1.9,2.5,1331,254,75.6,12.6,298,136,16.9,7.6,98,69,5.6,3.9,52385492,13256800,29762,7006,1157,157,65.7,6.5,36843,10157,409,101,23.2,5.3,11464,1447,101,60,5.7,3.3,8776,3458,306,124,17.4,6.8,9194,1096,68,49,3.9,2.8,2064,1809,878,141,49.9,6.5,3799,593,15090.1,2904.9,,,,,18134,2605,0.0616728110623507,0.00018175519509337
86,W01,Yes,Atlanta Regional Commission,3131,NSA,NSA W01,3163,181,135,63,4.3,2,59,43,1.8,1.4,191,76,6,2.4,206,83,6.5,2.6,287,95,9.1,3,343,95,10.8,2.9,544,127,17.2,3.9,670,125,21.2,3.8,341,93,10.8,2.9,389,95,12.3,2.9,590,136,18.6,4.2,630,135,19.9,4.1,1555,201,49.1,5.7,352710969,33863859,111501,8599,2921,184,92.4,2.5,113463,8559,348,86,11,2.6,14707,5110,200,65,6.3,2,19787,7890,52,44,1.6,1.4,24,245,21,36,0.7,1.1,0,0,190,76,6,2.4,7210,516,51698.1,3251.4,,,,,91642,5130,0.104155363873818,0.000444316442245917
87,W02,Yes,Atlanta Regional Commission,3132,NSA,NSA W02,1351,152,69,44,5.1,3.2,63,45,4.7,3.3,84,56,6.2,4.1,124,80,9.1,5.9,199,82,14.7,5.8,178,87,13.2,6.3,249,90,18.4,6.3,193,73,14.3,5.1,111,52,8.2,3.7,82,45,6.1,3.3,339,116,25.1,8.1,377,120,27.9,8.3,553,127,40.9,8.2,106606376,15360931,78919,7080,1150,154,85.1,6.1,85563,7022,234,80,17.4,5.6,14693,2705,104,61,7.7,4.4,10621,4797,158,80,11.7,5.8,6142,2185,44,37,3.3,2.7,0,0,206,91,15.2,6.5,4023,604,28853.1,5989.7,,,,,67696,10685,0.0766288004836238,0.000334750158756881
88,W03,Yes,Atlanta Regional Commission,3133,NSA,NSA W03,2356,226,84,71,3.6,3,12,26,0.5,1.1,108,73,4.6,3.1,153,127,6.5,5.3,264,141,11.2,5.9,320,127,13.6,5.2,314,158,13.3,6.6,502,174,21.3,7.1,398,154,16.9,6.3,201,115,8.5,4.8,357,165,15.2,6.8,584,190,24.8,7.7,1213,281,51.5,10.9,253247016,39311089,107508,13135,2134,236,90.6,5,110437,13790,207,107,8.8,4.5,14038,4594,104,69,4.4,2.9,28833,5289,29,36,1.2,1.5,0,0,14,30,0.6,1.3,0,0,76,67,3.2,2.8,5583,726,48198.5,4655.2,,,,,93846,7749,0.0631803176094454,0.000199719135211937
89,W04,Yes,Atlanta Regional Commission,3134,NSA,NSA W04,2451,301,232,110,9.5,4.4,49,50,2,2,257,114,10.5,4.5,191,121,7.8,4.8,245,154,10,6.2,492,198,20.1,7.7,205,100,8.4,3.9,346,144,14.1,5.6,298,141,12.2,5.6,136,76,5.5,3,729,206,29.7,7.6,737,251,30.1,9.5,849,225,34.6,8.1,200764496,33838490,81907,9441,1972,297,80.4,7,87405,9654,628,166,25.6,6,16341,3235,444,165,18.1,6.4,28815,8504,154,116,6.3,4.7,3100,2429,18,37,0.7,1.5,0,0,266,112,10.9,4.4,5507,895,39411.3,2928.8,,,,,64021,4557,0.117831577572621,0.000363007375793078
90,X01,Yes,Atlanta Regional Commission,3135,NSA,NSA X01,1187,167,201,109,16.9,8.9,81,48,6.9,3.9,128,70,10.8,5.7,142,90,12,7.4,198,106,16.6,8.6,179,85,15.1,6.8,103,59,8.7,4.8,114,74,9.6,6.1,5,22,0.4,1.9,36,61,3,5.1,552,165,46.5,12.2,377,136,31.7,10.5,223,97,18.8,7.7,97125158,76496717,81796,63391,888,145,74.8,6.3,101305,84488,233,78,19.6,6,12322,2168,144,58,12.1,4.6,12409,7417,118,59,10,4.8,9346,2075,54,49,4.5,4.1,0,0,262,95,22.1,7.4,3667,801,28122.2,19973.3,,,,,39339,5898,0.0803365772493559,0.000187198763755417
91,X02,Yes,Atlanta Regional Commission,3136,NSA,NSA X02,1114,141,241,103,21.6,8.8,142,71,12.7,6.2,233,89,20.9,7.6,198,95,17.7,8.2,129,87,11.6,7.6,73,47,6.6,4.1,32,32,2.9,2.8,41,56,3.6,5,21,33,1.9,2.9,4,23,0.4,2.1,814,181,73,13.3,203,98,18.2,8.5,94,72,8.4,6.4,34880157,8406186,31300,6426,626,128,56.2,9,41030,10010,405,91,36.3,6.8,11962,1133,160,70,14.4,6,13591,6511,196,88,17.6,7.5,5501,1083,73,56,6.6,5,197,407,397,113,35.6,9.1,2400,448,16461,2359.3,,,,,22594,2703,0.0648160227649867,0.00023924271692675
92,X03,Yes,Atlanta Regional Commission,3137,NSA,NSA X03,964,132,228,106,23.7,10.5,190,88,19.7,8.7,180,76,18.7,7.4,117,69,12.1,7,155,93,16.1,9.3,83,58,8.6,5.9,7,18,0.7,1.9,2,21,0.2,2.2,0,17,0,1.7,0,17,0,1.7,716,171,74.3,14.6,238,109,24.7,10.8,10,32,1,3.3,22437216,5237471,23270,4407,473,134,49.1,12.1,33874,4960,329,93,34.1,8.5,12366,1946,105,59,10.9,5.9,12904,5926,98,57,10.2,5.8,8366,1729,23,33,2.4,3.4,0,0,425,108,44.1,9.5,2798,646,10550,594.5,,,,,17690,2743,0.0561652471450042,0.000153863287134297
93,X04,Yes,Atlanta Regional Commission,3138,NSA,NSA X04,1685,183,277,102,16.4,5.8,205,96,12.2,5.6,265,94,15.7,5.3,182,75,10.8,4.3,195,76,11.6,4.3,204,78,12.1,4.5,231,103,13.7,5.9,94,55,5.6,3.2,12,27,0.7,1.6,20,35,1.2,2.1,929,185,55.1,9.2,399,109,23.7,5.9,337,120,20,6.8,77054902,28857923,45733,16390,1250,164,74.2,5.4,49410,21779,429,101,25.5,5.3,13583,1909,217,83,12.9,4.7,21128,9224,268,96,15.9,5.4,8823,1421,125,76,7.4,4.4,628,357,643,134,38.2,6.8,4657,767,19684.1,5642.3,,,,,29838,4497,0.108939650873473,0.000429059886597486
94,X05,Yes,Atlanta Regional Commission,3139,NSA,NSA X05,0,0,0,0,,,0,0,,,0,0,,,0,0,,,0,0,,,0,0,,,0,0,,,0,0,,,0,0,,,0,0,,,0,0,,,0,0,,,0,0,,,0,0,,,0,0,,,,,0,0,,,,,0,0,,,,,0,0,,,,,0,0,,,,,0,0,,,0,0,,,,,,,,,0.0390822316183111,8.84175907135525e-05
95,Y01,Yes,Atlanta Regional Commission,3140,NSA,NSA Y01,448,59,56,38,12.5,8.3,28,31,6.3,6.8,69,44,15.5,9.6,71,50,15.8,11,66,47,14.8,10.2,111,49,24.7,10.6,6,26,1.3,5.7,35,34,7.9,7.6,0,19,0,4.2,5,14,1.1,3.2,225,83,50.2,17.2,177,68,39.5,14.3,41,47,9.2,10.4,19367368,3760281,43252,6160,356,63,79.5,9.4,47326,5743,89,41,20,8.8,14397,9092,22,22,4.9,4.8,20896,948,51,35,11.4,7.7,9652,4664,6,16,1.3,3.5,0,0,124,55,27.8,11.7,3797,416,13991.9,8217.2,,,,,34704,9262,0.0786269028505021,0.00022011362028705
96,Y02,Yes,Atlanta Regional Commission,3141,NSA,NSA Y02,941,144,189,82,20.1,8.1,95,52,10.1,5.4,158,85,16.8,8.7,37,44,3.9,4.7,146,82,15.5,8.4,141,81,15,8.3,58,47,6.2,5,88,54,9.3,5.6,28,30,3,3.2,0,16,0,1.7,479,136,50.9,12.2,288,115,30.6,11.3,174,78,18.5,7.8,42104610,9197841,44768,6996,626,129,66.5,9.3,55920,7726,271,86,28.8,8.1,12355,2108,98,66,10.5,6.8,26845,9497,84,54,8.9,5.6,9008,5322,10,20,1.1,2.1,0,0,304,96,32.3,9,2621,597,17667,5638.8,,,,,30930,8189,0.0434440465103146,9.9925171218982e-05
97,Y03,Yes,Atlanta Regional Commission,3142,NSA,NSA Y03,1142,122,293,89,25.6,7.3,150,77,13.1,6.6,220,91,19.3,7.7,157,83,13.8,7.1,103,65,9,5.6,128,70,11.2,6,60,57,5.2,5,25,34,2.1,2.9,0,15,0,1.4,7,15,0.6,1.3,820,171,71.8,12.8,231,96,20.2,8.1,84,68,7.4,5.9,34773596,6712305,30450,4902,687,119,60.2,8.2,39265,6491,296,83,25.9,6.7,11744,4567,91,51,8,4.4,16481,3815,158,75,13.8,6.4,9220,2008,7,15,0.6,1.3,0,0,405,129,35.4,10.7,2663,467,13626.8,1067.6,,,,,18958,2992,0.0580636402374343,0.000136993562194077
98,Y04,Yes,Atlanta Regional Commission,3143,NSA,NSA Y04,735,156,104,60,14.2,7.6,68,48,9.2,6.2,164,92,22.3,11.6,73,68,9.9,9,143,96,19.4,12.3,67,60,9.2,7.9,61,56,8.3,7.4,20,36,2.8,4.9,35,54,4.8,7.3,0,21,0,2.9,408,138,55.5,14.6,210,113,28.6,14.1,117,86,15.9,11.2,30147270,10055214,41027,10565,506,138,68.9,11.9,48371,13692,231,94,31.5,10.9,11686,1931,77,62,10.5,8.2,15937,12554,78,53,10.6,6.9,8371,1945,1,21,0.1,2.9,0,0,284,99,38.6,10.8,1923,554,17119.1,2543.1,,,,,31306,6261,0.130410493848133,0.000397000133507625
99,Z01,Yes,Atlanta Regional Commission,3144,NSA,NSA Z01,1145,166,176,82,15.3,6.8,127,78,11.1,6.6,258,87,22.6,6.9,59,52,5.1,4.5,224,101,19.6,8.3,175,87,15.3,7.3,23,27,2,2.4,87,63,7.6,5.4,7,35,0.6,3,10,23,0.8,2,619,152,54.1,10.7,399,133,34.8,10.5,117,77,10.2,6.6,46675165,11213518,40759,7806,845,150,73.8,7.6,44030,9257,398,103,34.8,7.4,12801,1614,147,57,12.8,4.6,13242,4621,122,69,10.7,5.8,9812,2705,95,68,8.3,5.8,1849,1614,386,110,33.7,8.2,3162,596,16378.3,2086.9,,,,,27601,6995,0.105156541637404,0.000378290630984274
100,Z02,Yes,Atlanta Regional Commission,3145,NSA,NSA Z02,844,64,325,68,38.5,7.5,91,42,10.8,5,156,62,18.5,7.2,72,38,8.6,4.5,64,39,7.6,4.6,39,31,4.6,3.6,38,33,4.5,3.9,41,34,4.9,4,17,23,2.1,2.7,0,18,0,2.1,645,108,76.4,11.5,103,50,12.2,5.8,96,52,11.4,6.2,23474624,5343089,27808,5966,450,78,53.3,8.3,35624,9376,249,53,29.4,5.8,12818,1230,107,42,12.7,4.9,19479,8981,154,64,18.3,7.5,8429,1821,25,22,2.9,2.6,0,0,459,68,54.3,7,3218,434,9127.3,1774.1,,,,,15455,3710,0.0571661586194552,0.000161411427660603
101,Z03,Yes,Atlanta Regional Commission,3146,NSA,NSA Z03,2520,276,437,179,17.3,6.9,278,145,11,5.6,568,196,22.5,7.4,320,159,12.7,6.2,357,147,14.2,5.6,349,163,13.8,6.3,28,37,1.1,1.5,165,95,6.5,3.7,0,25,0,1,19,46,0.7,1.8,1603,342,63.6,11.6,706,219,28,8.1,193,105,7.6,4.1,91153184,16544648,36173,5233,1864,264,74,6.6,38895,6664,721,194,28.6,7,12780,1997,302,121,12,4.6,19178,4610,259,124,10.3,4.8,7994,2084,95,82,3.8,3.2,3608,2362,1070,241,42.5,8.4,6892,1145,15569.9,1684.3,,,,,24638,2041,0.140020707971388,0.000878171962805068
102,Z04,Yes,Atlanta Regional Commission,3147,NSA,NSA Z04,1391,186,310,123,22.3,8.3,66,59,4.7,4.2,295,113,21.2,7.6,209,92,15,6.3,242,107,17.4,7.3,153,79,11,5.5,45,32,3.2,2.2,55,54,4,3.8,0,22,0,1.6,15,21,1.1,1.5,880,199,63.3,11.6,396,133,28.4,8.8,100,66,7.2,4.7,48281293,9961441,34700,5461,893,167,64.2,8.4,37148,6509,505,116,36.3,6.8,14202,1987,223,74,16,4.8,18224,4567,259,107,18.6,7.3,7373,2123,36,36,2.6,2.6,723,3192,475,132,34.1,8.3,4591,936,12337.2,884.8,,,,,25924,3305,0.115326465171361,0.000479623651467197
103,Z05,Yes,Atlanta Regional Commission,3148,NSA,NSA Z05,1048,124,167,85,15.9,7.9,105,71,10,6.7,269,102,25.7,9.2,142,84,13.5,7.9,167,80,15.9,7.4,85,64,8.1,6,18,17,1.7,1.6,85,49,8.1,4.5,0,15,0,1.4,11,34,1.1,3.2,682,173,65.1,14.6,252,103,24,9.4,103,54,9.8,5,38087814,8589942,36328,6978,700,125,66.8,9,39005,10167,372,87,35.5,7.2,14466,2453,210,66,20,5.9,14692,3650,94,60,9,5.6,10049,4654,76,63,7.2,5.9,4018,3171,405,128,38.6,11.3,3092,673,13916.1,647.4,,,,,23951,3764,0.116258606539605,0.00071091987664675
